timestamp,source_file,row_reference,issue_type,issue_description,action_taken
2026-08-20T00:36:28.029845,source1_naukri_applicants.csv,2,PHONE_FORMAT,Raw phone '+919000000254' contained prefix/delimiters,Normalized to 10-digit '9000000254'
2026-08-20T00:36:28.040400,source1_naukri_applicants.csv,2,DATE_FORMAT,Raw date '24-07-2026' (fmt %d-%m-%Y),Normalized to ISO '2026-07-24'
2026-08-20T00:36:28.040458,source1_naukri_applicants.csv,3,CITY_NAME,Raw city 'GURGAON' mapped,Normalized to 'Gurugram'
2026-08-20T00:36:28.040919,source1_naukri_applicants.csv,4,PHONE_FORMAT,Raw phone '09000000287' contained prefix/delimiters,Normalized to 10-digit '9000000287'
2026-08-20T00:36:28.040932,source1_naukri_applicants.csv,4,CITY_NAME,Raw city 'GURGAON' mapped,Normalized to 'Gurugram'
2026-08-20T00:36:28.040982,source1_naukri_applicants.csv,4,DATE_FORMAT,Raw date '01-08-2026' (fmt %d-%m-%Y),Normalized to ISO '2026-08-01'
2026-08-20T00:36:28.041032,source1_naukri_applicants.csv,5,CITY_NAME,Raw city 'GURGAON' mapped,Normalized to 'Gurugram'
2026-08-20T00:36:28.041591,source1_naukri_applicants.csv,5,DATE_FORMAT,Raw date '7 Jul 2026' (fmt %d %b %Y),Normalized to ISO '2026-07-07'
2026-08-20T00:36:28.041625,source1_naukri_applicants.csv,6,PHONE_FORMAT,Raw phone '+919000000288' contained prefix/delimiters,Normalized to 10-digit '9000000288'
2026-08-20T00:36:28.041631,source1_naukri_applicants.csv,6,CITY_NAME,Raw city 'pune' mapped,Normalized to 'Pune'
2026-08-20T00:36:28.041652,source1_naukri_applicants.csv,6,CTC_UNIT_CONVERSION,Raw CTC '4.2' recognized as LPA (4.2 LPA),"Converted to full annual INR 420,000"
2026-08-20T00:36:28.041699,source1_naukri_applicants.csv,6,DATE_FORMAT,Raw date '19-07-2026' (fmt %d-%m-%Y),Normalized to ISO '2026-07-19'
2026-08-20T00:36:28.041723,source1_naukri_applicants.csv,7,PHONE_FORMAT,Raw phone '+919000000143' contained prefix/delimiters,Normalized to 10-digit '9000000143'
2026-08-20T00:36:28.042128,source1_naukri_applicants.csv,7,DATE_FORMAT,Raw date '07/13/2026' (fmt %m/%d/%Y),Normalized to ISO '2026-07-13'
2026-08-20T00:36:28.042155,source1_naukri_applicants.csv,8,CITY_NAME,Raw city 'NOIDA' mapped,Normalized to 'Noida'
2026-08-20T00:36:28.042166,source1_naukri_applicants.csv,8,CTC_UNIT_CONVERSION,Raw CTC '8.3' recognized as LPA (8.3 LPA),"Converted to full annual INR 830,000"
2026-08-20T00:36:28.042226,source1_naukri_applicants.csv,8,DATE_FORMAT,Raw date '19 Jul 2026' (fmt %d %b %Y),Normalized to ISO '2026-07-19'
2026-08-20T00:36:28.042248,source1_naukri_applicants.csv,9,PHONE_FORMAT,Raw phone '09000000138' contained prefix/delimiters,Normalized to 10-digit '9000000138'
2026-08-20T00:36:28.042253,source1_naukri_applicants.csv,9,CITY_NAME,Raw city 'PUNE' mapped,Normalized to 'Pune'
2026-08-20T00:36:28.042312,source1_naukri_applicants.csv,10,PHONE_FORMAT,Raw phone '+919000000222' contained prefix/delimiters,Normalized to 10-digit '9000000222'
2026-08-20T00:36:28.042318,source1_naukri_applicants.csv,10,CITY_NAME,Raw city 'gurugram ' mapped,Normalized to 'Gurugram'
2026-08-20T00:36:28.042349,source1_naukri_applicants.csv,10,DATE_FORMAT,Raw date '28-07-2026' (fmt %d-%m-%Y),Normalized to ISO '2026-07-28'
2026-08-20T00:36:28.042368,source1_naukri_applicants.csv,11,PHONE_FORMAT,Raw phone '09000000167' contained prefix/delimiters,Normalized to 10-digit '9000000167'
2026-08-20T00:36:28.042373,source1_naukri_applicants.csv,11,CITY_NAME,Raw city 'Delhi' mapped,Normalized to 'Delhi NCR'
2026-08-20T00:36:28.042443,source1_naukri_applicants.csv,12,PHONE_FORMAT,Raw phone '09000000260' contained prefix/delimiters,Normalized to 10-digit '9000000260'
2026-08-20T00:36:28.042454,source1_naukri_applicants.csv,12,CITY_NAME,Raw city 'new delhi' mapped,Normalized to 'Delhi NCR'
2026-08-20T00:36:28.042662,source1_naukri_applicants.csv,12,DATE_FORMAT,Raw date '07/03/2026' (fmt %m/%d/%Y),Normalized to ISO '2026-07-03'
2026-08-20T00:36:28.042715,source1_naukri_applicants.csv,13,PHONE_FORMAT,Raw phone '09000000114' contained prefix/delimiters,Normalized to 10-digit '9000000114'
2026-08-20T00:36:28.042725,source1_naukri_applicants.csv,13,CITY_NAME,Raw city 'Noida ' mapped,Normalized to 'Noida'
2026-08-20T00:36:28.042838,source1_naukri_applicants.csv,14,PHONE_FORMAT,Raw phone '09000000145' contained prefix/delimiters,Normalized to 10-digit '9000000145'
2026-08-20T00:36:28.042846,source1_naukri_applicants.csv,14,CITY_NAME,Raw city 'New Delhi' mapped,Normalized to 'Delhi NCR'
2026-08-20T00:36:28.042858,source1_naukri_applicants.csv,14,CTC_UNIT_CONVERSION,Raw CTC '5.1' recognized as LPA (5.1 LPA),"Converted to full annual INR 510,000"
2026-08-20T00:36:28.042907,source1_naukri_applicants.csv,14,DATE_FORMAT,Raw date '21-08-2026' (fmt %d-%m-%Y),Normalized to ISO '2026-08-21'
2026-08-20T00:36:28.042940,source1_naukri_applicants.csv,15,PHONE_FORMAT,Raw phone '+919000000211' contained prefix/delimiters,Normalized to 10-digit '9000000211'
2026-08-20T00:36:28.042952,source1_naukri_applicants.csv,15,CITY_NAME,Raw city 'Noida ' mapped,Normalized to 'Noida'
2026-08-20T00:36:28.043034,source1_naukri_applicants.csv,15,DATE_FORMAT,Raw date '8 Jul 2026' (fmt %d %b %Y),Normalized to ISO '2026-07-08'
2026-08-20T00:36:28.043075,source1_naukri_applicants.csv,16,PHONE_FORMAT,Raw phone '09000000146' contained prefix/delimiters,Normalized to 10-digit '9000000146'
2026-08-20T00:36:28.043090,source1_naukri_applicants.csv,16,CITY_NAME,Raw city 'Noida ' mapped,Normalized to 'Noida'
2026-08-20T00:36:28.043108,source1_naukri_applicants.csv,16,CTC_UNIT_CONVERSION,Raw CTC '6.1' recognized as LPA (6.1 LPA),"Converted to full annual INR 610,000"
2026-08-20T00:36:28.043245,source1_naukri_applicants.csv,17,CITY_NAME,Raw city 'Delhi' mapped,Normalized to 'Delhi NCR'
2026-08-20T00:36:28.043262,source1_naukri_applicants.csv,17,CTC_UNIT_CONVERSION,Raw CTC '5.8' recognized as LPA (5.8 LPA),"Converted to full annual INR 580,000"
2026-08-20T00:36:28.043299,source1_naukri_applicants.csv,17,DATE_FORMAT,Raw date '22-08-2026' (fmt %d-%m-%Y),Normalized to ISO '2026-08-22'
2026-08-20T00:36:28.043325,source1_naukri_applicants.csv,18,PHONE_FORMAT,Raw phone '09000000223' contained prefix/delimiters,Normalized to 10-digit '9000000223'
2026-08-20T00:36:28.043341,source1_naukri_applicants.csv,18,CTC_UNIT_CONVERSION,Raw CTC '11.2' recognized as LPA (11.2 LPA),"Converted to full annual INR 1,120,000"
2026-08-20T00:36:28.043430,source1_naukri_applicants.csv,19,CTC_UNIT_CONVERSION,Raw CTC '7.6' recognized as LPA (7.6 LPA),"Converted to full annual INR 760,000"
2026-08-20T00:36:28.043538,source1_naukri_applicants.csv,19,DATE_FORMAT,Raw date '08/19/2026' (fmt %m/%d/%Y),Normalized to ISO '2026-08-19'
2026-08-20T00:36:28.043565,source1_naukri_applicants.csv,20,PHONE_FORMAT,Raw phone '09000000131' contained prefix/delimiters,Normalized to 10-digit '9000000131'
2026-08-20T00:36:28.043577,source1_naukri_applicants.csv,20,CITY_NAME,Raw city 'NOIDA' mapped,Normalized to 'Noida'
2026-08-20T00:36:28.043620,source1_naukri_applicants.csv,20,DATE_FORMAT,Raw date '21-07-2026' (fmt %d-%m-%Y),Normalized to ISO '2026-07-21'
2026-08-20T00:36:28.043656,source1_naukri_applicants.csv,21,PHONE_FORMAT,Raw phone '+919000000177' contained prefix/delimiters,Normalized to 10-digit '9000000177'
2026-08-20T00:36:28.043674,source1_naukri_applicants.csv,21,CTC_UNIT_CONVERSION,Raw CTC '2.4' recognized as LPA (2.4 LPA),"Converted to full annual INR 240,000"
2026-08-20T00:36:28.043766,source1_naukri_applicants.csv,21,DATE_FORMAT,Raw date '2 Jul 2026' (fmt %d %b %Y),Normalized to ISO '2026-07-02'
2026-08-20T00:36:28.043817,source1_naukri_applicants.csv,22,PHONE_FORMAT,Raw phone '+919000000162' contained prefix/delimiters,Normalized to 10-digit '9000000162'
2026-08-20T00:36:28.043827,source1_naukri_applicants.csv,22,CITY_NAME,Raw city 'pune' mapped,Normalized to 'Pune'
2026-08-20T00:36:28.043836,source1_naukri_applicants.csv,22,CTC_UNIT_CONVERSION,Raw CTC '10.0' recognized as LPA (10.0 LPA),"Converted to full annual INR 1,000,000"
2026-08-20T00:36:28.043874,source1_naukri_applicants.csv,22,DATE_FORMAT,Raw date '03-07-2026' (fmt %d-%m-%Y),Normalized to ISO '2026-07-03'
2026-08-20T00:36:28.043895,source1_naukri_applicants.csv,23,PHONE_FORMAT,Raw phone '09000000116' contained prefix/delimiters,Normalized to 10-digit '9000000116'
2026-08-20T00:36:28.043901,source1_naukri_applicants.csv,23,CITY_NAME,Raw city 'NOIDA' mapped,Normalized to 'Noida'
2026-08-20T00:36:28.043961,source1_naukri_applicants.csv,24,PHONE_FORMAT,Raw phone '09000000271' contained prefix/delimiters,Normalized to 10-digit '9000000271'
2026-08-20T00:36:28.043971,source1_naukri_applicants.csv,24,CTC_UNIT_CONVERSION,Raw CTC '11.9' recognized as LPA (11.9 LPA),"Converted to full annual INR 1,190,000"
2026-08-20T00:36:28.044000,source1_naukri_applicants.csv,24,DATE_FORMAT,Raw date '24-06-2026' (fmt %d-%m-%Y),Normalized to ISO '2026-06-24'
2026-08-20T00:36:28.044020,source1_naukri_applicants.csv,25,CITY_NAME,Raw city 'Bangalore' mapped,Normalized to 'Bengaluru'
2026-08-20T00:36:28.044027,source1_naukri_applicants.csv,25,CTC_UNIT_CONVERSION,Raw CTC '6.1' recognized as LPA (6.1 LPA),"Converted to full annual INR 610,000"
2026-08-20T00:36:28.044082,source1_naukri_applicants.csv,25,DATE_FORMAT,Raw date '08/13/2026' (fmt %m/%d/%Y),Normalized to ISO '2026-08-13'
2026-08-20T00:36:28.044117,source1_naukri_applicants.csv,26,CITY_NAME,Raw city 'pune' mapped,Normalized to 'Pune'
2026-08-20T00:36:28.044150,source1_naukri_applicants.csv,26,DATE_FORMAT,Raw date '15-06-2026' (fmt %d-%m-%Y),Normalized to ISO '2026-06-15'
2026-08-20T00:36:28.044168,source1_naukri_applicants.csv,27,PHONE_FORMAT,Raw phone '09000000103' contained prefix/delimiters,Normalized to 10-digit '9000000103'
2026-08-20T00:36:28.044177,source1_naukri_applicants.csv,27,CITY_NAME,Raw city 'NOIDA' mapped,Normalized to 'Noida'
2026-08-20T00:36:28.044184,source1_naukri_applicants.csv,27,CTC_UNIT_CONVERSION,Raw CTC '7.8' recognized as LPA (7.8 LPA),"Converted to full annual INR 780,000"
2026-08-20T00:36:28.044241,source1_naukri_applicants.csv,27,DATE_FORMAT,Raw date '07/03/2026' (fmt %m/%d/%Y),Normalized to ISO '2026-07-03'
2026-08-20T00:36:28.044274,source1_naukri_applicants.csv,28,PHONE_FORMAT,Raw phone '+919000000231' contained prefix/delimiters,Normalized to 10-digit '9000000231'
2026-08-20T00:36:28.044285,source1_naukri_applicants.csv,28,CITY_NAME,Raw city 'Delhi' mapped,Normalized to 'Delhi NCR'
2026-08-20T00:36:28.044293,source1_naukri_applicants.csv,28,CTC_UNIT_CONVERSION,Raw CTC '6.6' recognized as LPA (6.6 LPA),"Converted to full annual INR 660,000"
2026-08-20T00:36:28.044356,source1_naukri_applicants.csv,28,DATE_FORMAT,Raw date '08/16/2026' (fmt %m/%d/%Y),Normalized to ISO '2026-08-16'
2026-08-20T00:36:28.044378,source1_naukri_applicants.csv,29,CITY_NAME,Raw city 'gurugram ' mapped,Normalized to 'Gurugram'
2026-08-20T00:36:28.044427,source1_naukri_applicants.csv,29,DATE_FORMAT,Raw date '5 Jul 2026' (fmt %d %b %Y),Normalized to ISO '2026-07-05'
2026-08-20T00:36:28.044493,source1_naukri_applicants.csv,30,DATE_FORMAT,Raw date '19-07-2026' (fmt %d-%m-%Y),Normalized to ISO '2026-07-19'
2026-08-20T00:36:28.044514,source1_naukri_applicants.csv,31,CITY_NAME,Raw city 'Bangalore' mapped,Normalized to 'Bengaluru'
2026-08-20T00:36:28.044522,source1_naukri_applicants.csv,31,CTC_UNIT_CONVERSION,Raw CTC '6.1' recognized as LPA (6.1 LPA),"Converted to full annual INR 610,000"
2026-08-20T00:36:28.044576,source1_naukri_applicants.csv,31,DATE_FORMAT,Raw date '08/13/2026' (fmt %m/%d/%Y),Normalized to ISO '2026-08-13'
2026-08-20T00:36:28.044595,source1_naukri_applicants.csv,32,PHONE_FORMAT,Raw phone '+919000000268' contained prefix/delimiters,Normalized to 10-digit '9000000268'
2026-08-20T00:36:28.044603,source1_naukri_applicants.csv,32,CTC_UNIT_CONVERSION,Raw CTC '7.6' recognized as LPA (7.6 LPA),"Converted to full annual INR 760,000"
2026-08-20T00:36:28.044660,source1_naukri_applicants.csv,33,CITY_NAME,Raw city 'bangalore' mapped,Normalized to 'Bengaluru'
2026-08-20T00:36:28.044710,source1_naukri_applicants.csv,33,DATE_FORMAT,Raw date '15 Jul 2026' (fmt %d %b %Y),Normalized to ISO '2026-07-15'
2026-08-20T00:36:28.044732,source1_naukri_applicants.csv,34,PHONE_FORMAT,Raw phone '09000000137' contained prefix/delimiters,Normalized to 10-digit '9000000137'
2026-08-20T00:36:28.044747,source1_naukri_applicants.csv,34,CITY_NAME,Raw city 'NOIDA' mapped,Normalized to 'Noida'
2026-08-20T00:36:28.044754,source1_naukri_applicants.csv,34,CTC_UNIT_CONVERSION,Raw CTC '2.7' recognized as LPA (2.7 LPA),"Converted to full annual INR 270,000"
2026-08-20T00:36:28.044804,source1_naukri_applicants.csv,34,DATE_FORMAT,Raw date '27 Jul 2026' (fmt %d %b %Y),Normalized to ISO '2026-07-27'
2026-08-20T00:36:28.044822,source1_naukri_applicants.csv,35,PHONE_FORMAT,Raw phone '09000000202' contained prefix/delimiters,Normalized to 10-digit '9000000202'
2026-08-20T00:36:28.044827,source1_naukri_applicants.csv,35,CITY_NAME,Raw city 'bangalore' mapped,Normalized to 'Bengaluru'
2026-08-20T00:36:28.044880,source1_naukri_applicants.csv,35,DATE_FORMAT,Raw date '08/11/2026' (fmt %m/%d/%Y),Normalized to ISO '2026-08-11'
2026-08-20T00:36:28.044901,source1_naukri_applicants.csv,36,PHONE_FORMAT,Raw phone '09000000165' contained prefix/delimiters,Normalized to 10-digit '9000000165'
2026-08-20T00:36:28.044910,source1_naukri_applicants.csv,36,CTC_UNIT_CONVERSION,Raw CTC '11.4' recognized as LPA (11.4 LPA),"Converted to full annual INR 1,140,000"
2026-08-20T00:36:28.045013,source1_naukri_applicants.csv,36,DATE_FORMAT,Raw date '21 Jul 2026' (fmt %d %b %Y),Normalized to ISO '2026-07-21'
2026-08-20T00:36:28.045043,source1_naukri_applicants.csv,37,PHONE_FORMAT,Raw phone '09000000103' contained prefix/delimiters,Normalized to 10-digit '9000000103'
2026-08-20T00:36:28.045054,source1_naukri_applicants.csv,37,CITY_NAME,Raw city 'NOIDA' mapped,Normalized to 'Noida'
2026-08-20T00:36:28.045070,source1_naukri_applicants.csv,37,CTC_UNIT_CONVERSION,Raw CTC '7.8' recognized as LPA (7.8 LPA),"Converted to full annual INR 780,000"
2026-08-20T00:36:28.045141,source1_naukri_applicants.csv,37,DATE_FORMAT,Raw date '07/03/2026' (fmt %m/%d/%Y),Normalized to ISO '2026-07-03'
2026-08-20T00:36:28.045164,source1_naukri_applicants.csv,38,PHONE_FORMAT,Raw phone '+919000000148' contained prefix/delimiters,Normalized to 10-digit '9000000148'
2026-08-20T00:36:28.045169,source1_naukri_applicants.csv,38,CITY_NAME,Raw city 'PUNE' mapped,Normalized to 'Pune'
2026-08-20T00:36:28.045219,source1_naukri_applicants.csv,38,DATE_FORMAT,Raw date '27 Jul 2026' (fmt %d %b %Y),Normalized to ISO '2026-07-27'
2026-08-20T00:36:28.045239,source1_naukri_applicants.csv,39,PHONE_FORMAT,Raw phone '09000000104' contained prefix/delimiters,Normalized to 10-digit '9000000104'
2026-08-20T00:36:28.045250,source1_naukri_applicants.csv,39,CITY_NAME,Raw city 'PUNE' mapped,Normalized to 'Pune'
2026-08-20T00:36:28.045261,source1_naukri_applicants.csv,39,CTC_UNIT_CONVERSION,Raw CTC '9.3' recognized as LPA (9.3 LPA),"Converted to full annual INR 930,000"
2026-08-20T00:36:28.045328,source1_naukri_applicants.csv,40,PHONE_FORMAT,Raw phone '+919000000295' contained prefix/delimiters,Normalized to 10-digit '9000000295'
2026-08-20T00:36:28.045338,source1_naukri_applicants.csv,40,CITY_NAME,Raw city 'new delhi' mapped,Normalized to 'Delhi NCR'
2026-08-20T00:36:28.045345,source1_naukri_applicants.csv,40,CTC_UNIT_CONVERSION,Raw CTC '5.9' recognized as LPA (5.9 LPA),"Converted to full annual INR 590,000"
2026-08-20T00:36:28.045406,source1_naukri_applicants.csv,40,DATE_FORMAT,Raw date '08/21/2026' (fmt %m/%d/%Y),Normalized to ISO '2026-08-21'
2026-08-20T00:36:28.045429,source1_naukri_applicants.csv,41,CITY_NAME,Raw city 'new delhi' mapped,Normalized to 'Delhi NCR'
2026-08-20T00:36:28.045460,source1_naukri_applicants.csv,41,DATE_FORMAT,Raw date '02-06-2026' (fmt %d-%m-%Y),Normalized to ISO '2026-06-02'
2026-08-20T00:36:28.045484,source1_naukri_applicants.csv,42,PHONE_FORMAT,Raw phone '+919000000259' contained prefix/delimiters,Normalized to 10-digit '9000000259'
2026-08-20T00:36:28.045489,source1_naukri_applicants.csv,42,CITY_NAME,Raw city 'Delhi' mapped,Normalized to 'Delhi NCR'
2026-08-20T00:36:28.045497,source1_naukri_applicants.csv,42,CTC_UNIT_CONVERSION,Raw CTC '10.3' recognized as LPA (10.3 LPA),"Converted to full annual INR 1,030,000"
2026-08-20T00:36:28.045553,source1_naukri_applicants.csv,42,DATE_FORMAT,Raw date '07/12/2026' (fmt %m/%d/%Y),Normalized to ISO '2026-07-12'
2026-08-20T00:36:28.045586,source1_naukri_applicants.csv,43,PHONE_FORMAT,Raw phone '09000000273' contained prefix/delimiters,Normalized to 10-digit '9000000273'
2026-08-20T00:36:28.045639,source1_naukri_applicants.csv,43,DATE_FORMAT,Raw date '22 Jul 2026' (fmt %d %b %Y),Normalized to ISO '2026-07-22'
2026-08-20T00:36:28.050975,source2_gig_workers.csv,2,STATUS_CASING,Raw status 'Active',Normalized to 'ACTIVE'
2026-08-20T00:36:28.051041,source2_gig_workers.csv,3,CITY_NAME,Raw city 'PUNE' mapped,Normalized to 'Pune'
2026-08-20T00:36:28.051049,source2_gig_workers.csv,3,STATUS_CASING,Raw status 'Active',Normalized to 'ACTIVE'
2026-08-20T00:36:28.051080,source2_gig_workers.csv,4,CITY_NAME,Raw city 'Noida ' mapped,Normalized to 'Noida'
2026-08-20T00:36:28.051089,source2_gig_workers.csv,4,STATUS_CASING,Raw status 'active',Normalized to 'ACTIVE'
2026-08-20T00:36:28.051124,source2_gig_workers.csv,5,CITY_NAME,Raw city 'Delhi' mapped,Normalized to 'Delhi NCR'
2026-08-20T00:36:28.051362,source2_gig_workers.csv,6,RATE_UNIT_PARSED,Raw monthly rate '15k/month' parsed,"Amount: 15000.0, Unit: MONTHLY"
2026-08-20T00:36:28.051371,source2_gig_workers.csv,6,CITY_NAME,Raw city 'Delhi' mapped,Normalized to 'Delhi NCR'
2026-08-20T00:36:28.051376,source2_gig_workers.csv,6,STATUS_CASING,Raw status 'active',Normalized to 'ACTIVE'
2026-08-20T00:36:28.051389,source2_gig_workers.csv,7,EMAIL_FORMAT,Raw email 'ISHA.CHOPRA95@MAILTEST.EXAMPLE.ORG' contained non-standard casing/whitespace,Normalized to 'isha.chopra95@mailtest.example.org'
2026-08-20T00:36:28.051415,source2_gig_workers.csv,7,STATUS_CASING,Raw status 'active',Normalized to 'ACTIVE'
2026-08-20T00:36:28.051436,source2_gig_workers.csv,8,CITY_NAME,Raw city 'New Delhi' mapped,Normalized to 'Delhi NCR'
2026-08-20T00:36:28.051440,source2_gig_workers.csv,8,STATUS_CASING,Raw status 'active',Normalized to 'ACTIVE'
2026-08-20T00:36:28.051460,source2_gig_workers.csv,9,CITY_NAME,Raw city 'Gurgaon' mapped,Normalized to 'Gurugram'
2026-08-20T00:36:28.051465,source2_gig_workers.csv,9,STATUS_CASING,Raw status 'Active',Normalized to 'ACTIVE'
2026-08-20T00:36:28.051492,source2_gig_workers.csv,10,RATE_UNIT_PARSED,Raw monthly rate '72k/month' parsed,"Amount: 72000.0, Unit: MONTHLY"
2026-08-20T00:36:28.051498,source2_gig_workers.csv,10,STATUS_CASING,Raw status 'Inactive',Normalized to 'INACTIVE'
2026-08-20T00:36:28.051516,source2_gig_workers.csv,11,CITY_NAME,Raw city 'bangalore' mapped,Normalized to 'Bengaluru'
2026-08-20T00:36:28.051521,source2_gig_workers.csv,11,STATUS_CASING,Raw status 'paused',Normalized to 'PAUSED'
2026-08-20T00:36:28.051531,source2_gig_workers.csv,12,EMPTY_ROW,Completely blank row encountered (Line 12),SKIPPED
2026-08-20T00:36:28.051537,source2_gig_workers.csv,13,EMAIL_FORMAT,Raw email 'VARUN.SAXENA21@EXAMPLE.IN' contained non-standard casing/whitespace,Normalized to 'varun.saxena21@example.in'
2026-08-20T00:36:28.051552,source2_gig_workers.csv,13,CITY_NAME,Raw city 'gurugram ' mapped,Normalized to 'Gurugram'
2026-08-20T00:36:28.051556,source2_gig_workers.csv,13,STATUS_CASING,Raw status 'Inactive',Normalized to 'INACTIVE'
2026-08-20T00:36:28.051576,source2_gig_workers.csv,14,RATE_UNIT_PARSED,Raw monthly rate '28k/month' parsed,"Amount: 28000.0, Unit: MONTHLY"
2026-08-20T00:36:28.051581,source2_gig_workers.csv,14,CITY_NAME,Raw city 'pune' mapped,Normalized to 'Pune'
2026-08-20T00:36:28.051588,source2_gig_workers.csv,14,STATUS_CASING,Raw status 'Active',Normalized to 'ACTIVE'
2026-08-20T00:36:28.051600,source2_gig_workers.csv,15,EMAIL_FORMAT,Raw email 'DEEPAK.NAIR44@EXAMPLE.COM' contained non-standard casing/whitespace,Normalized to 'deepak.nair44@example.com'
2026-08-20T00:36:28.051613,source2_gig_workers.csv,15,STATUS_CASING,Raw status 'paused',Normalized to 'PAUSED'
2026-08-20T00:36:28.051630,source2_gig_workers.csv,16,RATE_UNIT_PARSED,Raw monthly rate '56k/month' parsed,"Amount: 56000.0, Unit: MONTHLY"
2026-08-20T00:36:28.051635,source2_gig_workers.csv,16,CITY_NAME,Raw city 'bangalore' mapped,Normalized to 'Bengaluru'
2026-08-20T00:36:28.051645,source2_gig_workers.csv,17,EMAIL_FORMAT,Raw email 'NEHA.BHATIA60@MAILTEST.EXAMPLE.ORG' contained non-standard casing/whitespace,Normalized to 'neha.bhatia60@mailtest.example.org'
2026-08-20T00:36:28.051656,source2_gig_workers.csv,17,RATE_UNIT_PARSED,Raw monthly rate '79k/month' parsed,"Amount: 79000.0, Unit: MONTHLY"
2026-08-20T00:36:28.051661,source2_gig_workers.csv,17,CITY_NAME,Raw city 'PUNE' mapped,Normalized to 'Pune'
2026-08-20T00:36:28.051666,source2_gig_workers.csv,17,STATUS_CASING,Raw status 'Active',Normalized to 'ACTIVE'
2026-08-20T00:36:28.051688,source2_gig_workers.csv,18,RATE_UNIT_PARSED,Raw monthly rate '42k/month' parsed,"Amount: 42000.0, Unit: MONTHLY"
2026-08-20T00:36:28.051694,source2_gig_workers.csv,18,STATUS_CASING,Raw status 'Inactive',Normalized to 'INACTIVE'
2026-08-20T00:36:28.051714,source2_gig_workers.csv,19,RATE_UNIT_PARSED,Raw monthly rate '73k/month' parsed,"Amount: 73000.0, Unit: MONTHLY"
2026-08-20T00:36:28.051728,source2_gig_workers.csv,20,CORRUPTED_SHIFTED_ROW,Shifted columns row with email 'ISHA.CHOPRA95@MAILTEST.EXAMPLE.ORG' is a duplicate of clean record (Line 7),SKIPPED row to prevent duplicate profile creation
2026-08-20T00:36:28.051743,source2_gig_workers.csv,21,RATE_UNIT_PARSED,Raw monthly rate '55k/month' parsed,"Amount: 55000.0, Unit: MONTHLY"
2026-08-20T00:36:28.051749,source2_gig_workers.csv,21,STATUS_CASING,Raw status 'Inactive',Normalized to 'INACTIVE'
2026-08-20T00:36:28.051760,source2_gig_workers.csv,22,EMAIL_FORMAT,Raw email 'KARAN.CHOPRA76@MAILTEST.EXAMPLE.ORG' contained non-standard casing/whitespace,Normalized to 'karan.chopra76@mailtest.example.org'
2026-08-20T00:36:28.051803,source2_gig_workers.csv,23,RATE_UNIT_PARSED,Raw monthly rate '22k/month' parsed,"Amount: 22000.0, Unit: MONTHLY"
2026-08-20T00:36:28.051808,source2_gig_workers.csv,23,CITY_NAME,Raw city 'pune' mapped,Normalized to 'Pune'
2026-08-20T00:36:28.051827,source2_gig_workers.csv,24,RATE_UNIT_PARSED,Raw monthly rate '21k/month' parsed,"Amount: 21000.0, Unit: MONTHLY"
2026-08-20T00:36:28.051834,source2_gig_workers.csv,24,CITY_NAME,Raw city 'NOIDA' mapped,Normalized to 'Noida'
2026-08-20T00:36:28.051838,source2_gig_workers.csv,24,STATUS_CASING,Raw status 'Active',Normalized to 'ACTIVE'
2026-08-20T00:36:28.051846,source2_gig_workers.csv,25,EMAIL_FORMAT,Raw email 'KAVYA.VERMA74@MAILTEST.EXAMPLE.ORG' contained non-standard casing/whitespace,Normalized to 'kavya.verma74@mailtest.example.org'
2026-08-20T00:36:28.051858,source2_gig_workers.csv,25,CITY_NAME,Raw city 'gurugram ' mapped,Normalized to 'Gurugram'
2026-08-20T00:36:28.051862,source2_gig_workers.csv,25,STATUS_CASING,Raw status 'active',Normalized to 'ACTIVE'
2026-08-20T00:36:28.051871,source2_gig_workers.csv,26,EMAIL_FORMAT,Raw email 'TANVI.REDDY80@EXAMPLE.COM' contained non-standard casing/whitespace,Normalized to 'tanvi.reddy80@example.com'
2026-08-20T00:36:28.051883,source2_gig_workers.csv,26,RATE_UNIT_PARSED,Raw monthly rate '59k/month' parsed,"Amount: 59000.0, Unit: MONTHLY"
2026-08-20T00:36:28.051887,source2_gig_workers.csv,26,CITY_NAME,Raw city 'pune' mapped,Normalized to 'Pune'
2026-08-20T00:36:28.051891,source2_gig_workers.csv,26,STATUS_CASING,Raw status 'paused',Normalized to 'PAUSED'
2026-08-20T00:36:28.051908,source2_gig_workers.csv,27,CITY_NAME,Raw city 'Noida ' mapped,Normalized to 'Noida'
2026-08-20T00:36:28.051932,source2_gig_workers.csv,28,RATE_UNIT_PARSED,Raw monthly rate '38k/month' parsed,"Amount: 38000.0, Unit: MONTHLY"
2026-08-20T00:36:28.051939,source2_gig_workers.csv,28,CITY_NAME,Raw city 'new delhi' mapped,Normalized to 'Delhi NCR'
2026-08-20T00:36:28.051957,source2_gig_workers.csv,29,CITY_NAME,Raw city 'gurugram ' mapped,Normalized to 'Gurugram'
2026-08-20T00:36:28.051963,source2_gig_workers.csv,29,STATUS_CASING,Raw status 'Active',Normalized to 'ACTIVE'
2026-08-20T00:36:28.051979,source2_gig_workers.csv,30,STATUS_CASING,Raw status 'Inactive',Normalized to 'INACTIVE'
2026-08-20T00:36:28.051987,source2_gig_workers.csv,31,EMAIL_FORMAT,Raw email 'TANVI.SHARMA56@MAILTEST.EXAMPLE.ORG' contained non-standard casing/whitespace,Normalized to 'tanvi.sharma56@mailtest.example.org'
2026-08-20T00:36:28.052006,source2_gig_workers.csv,31,RATE_UNIT_PARSED,Raw monthly rate '73k/month' parsed,"Amount: 73000.0, Unit: MONTHLY"
2026-08-20T00:36:28.052011,source2_gig_workers.csv,31,CITY_NAME,Raw city 'NOIDA' mapped,Normalized to 'Noida'
2026-08-20T00:36:28.052020,source2_gig_workers.csv,32,EMAIL_FORMAT,Raw email 'DEEPAK.NAIR57@EXAMPLE.IN' contained non-standard casing/whitespace,Normalized to 'deepak.nair57@example.in'
2026-08-20T00:36:28.052031,source2_gig_workers.csv,32,CITY_NAME,Raw city 'New Delhi' mapped,Normalized to 'Delhi NCR'
2026-08-20T00:36:28.052038,source2_gig_workers.csv,32,STATUS_CASING,Raw status 'Active',Normalized to 'ACTIVE'
2026-08-20T00:36:28.052058,source2_gig_workers.csv,33,RATE_UNIT_PARSED,Raw monthly rate '71k/month' parsed,"Amount: 71000.0, Unit: MONTHLY"
2026-08-20T00:36:28.052064,source2_gig_workers.csv,33,STATUS_CASING,Raw status 'Inactive',Normalized to 'INACTIVE'
2026-08-20T00:36:28.055529,source3_cbnexus_contacts.csv,2,CITY_NAME,Raw city 'Gurgaon' mapped,Normalized to 'Gurugram'
2026-08-20T00:36:28.055543,source3_cbnexus_contacts.csv,2,VERIFIED_BOOLEAN,Raw verified 'Y',Normalized to 'TRUE'
2026-08-20T00:36:28.055566,source3_cbnexus_contacts.csv,3,NAME_CASING,Raw name 'RITU SHARMA' had non-standard casing/spacing,Normalized to 'Ritu Sharma'
2026-08-20T00:36:28.055581,source3_cbnexus_contacts.csv,3,CITY_NAME,Raw city 'Noida ' mapped,Normalized to 'Noida'
2026-08-20T00:36:28.055591,source3_cbnexus_contacts.csv,3,VERIFIED_BOOLEAN,Raw verified 'yes',Normalized to 'TRUE'
2026-08-20T00:36:28.055606,source3_cbnexus_contacts.csv,4,PHONE_FORMAT,Raw phone '919000000231' contained prefix/delimiters,Normalized to 10-digit '9000000231'
2026-08-20T00:36:28.055612,source3_cbnexus_contacts.csv,4,CITY_NAME,Raw city 'New Delhi' mapped,Normalized to 'Delhi NCR'
2026-08-20T00:36:28.055624,source3_cbnexus_contacts.csv,4,VERIFIED_BOOLEAN,Raw verified 'No',Normalized to 'FALSE'
2026-08-20T00:36:28.055641,source3_cbnexus_contacts.csv,5,PHONE_FORMAT,Raw phone '+91-9000000131' contained prefix/delimiters,Normalized to 10-digit '9000000131'
2026-08-20T00:36:28.055647,source3_cbnexus_contacts.csv,5,VERIFIED_BOOLEAN,Raw verified 'No',Normalized to 'FALSE'
2026-08-20T00:36:28.055661,source3_cbnexus_contacts.csv,6,PHONE_FORMAT,Raw phone '+91-9000000104' contained prefix/delimiters,Normalized to 10-digit '9000000104'
2026-08-20T00:36:28.055666,source3_cbnexus_contacts.csv,6,CITY_NAME,Raw city 'pune' mapped,Normalized to 'Pune'
2026-08-20T00:36:28.055674,source3_cbnexus_contacts.csv,6,VERIFIED_BOOLEAN,Raw verified 'Y',Normalized to 'TRUE'
2026-08-20T00:36:28.055685,source3_cbnexus_contacts.csv,7,NAME_CASING,Raw name 'RAHUL MALHOTRA' had non-standard casing/spacing,Normalized to 'Rahul Malhotra'
2026-08-20T00:36:28.055691,source3_cbnexus_contacts.csv,7,PHONE_FORMAT,Raw phone '919000000260' contained prefix/delimiters,Normalized to 10-digit '9000000260'
2026-08-20T00:36:28.055703,source3_cbnexus_contacts.csv,7,VERIFIED_BOOLEAN,Raw verified 'No',Normalized to 'FALSE'
2026-08-20T00:36:28.055723,source3_cbnexus_contacts.csv,8,VERIFIED_BOOLEAN,Raw verified 'yes',Normalized to 'TRUE'
2026-08-20T00:36:28.055733,source3_cbnexus_contacts.csv,9,NAME_CASING,Raw name 'SAHIL MALHOTRA' had non-standard casing/spacing,Normalized to 'Sahil Malhotra'
2026-08-20T00:36:28.055743,source3_cbnexus_contacts.csv,9,VERIFIED_BOOLEAN,Raw verified 'N',Normalized to 'FALSE'
2026-08-20T00:36:28.055759,source3_cbnexus_contacts.csv,10,PHONE_FORMAT,Raw phone '+91-9000000227' contained prefix/delimiters,Normalized to 10-digit '9000000227'
2026-08-20T00:36:28.055767,source3_cbnexus_contacts.csv,10,CITY_NAME,Raw city 'NOIDA' mapped,Normalized to 'Noida'
2026-08-20T00:36:28.055772,source3_cbnexus_contacts.csv,10,VERIFIED_BOOLEAN,Raw verified 'yes',Normalized to 'TRUE'
2026-08-20T00:36:28.055797,source3_cbnexus_contacts.csv,11,CITY_NAME,Raw city 'gurugram ' mapped,Normalized to 'Gurugram'
2026-08-20T00:36:28.055805,source3_cbnexus_contacts.csv,11,VERIFIED_BOOLEAN,Raw verified 'Y',Normalized to 'TRUE'
2026-08-20T00:36:28.055830,source3_cbnexus_contacts.csv,12,PHONE_FORMAT,Raw phone '919000000263' contained prefix/delimiters,Normalized to 10-digit '9000000263'
2026-08-20T00:36:28.055838,source3_cbnexus_contacts.csv,12,VERIFIED_BOOLEAN,Raw verified 'yes',Normalized to 'TRUE'
2026-08-20T00:36:28.055854,source3_cbnexus_contacts.csv,13,PHONE_FORMAT,Raw phone '919000000148' contained prefix/delimiters,Normalized to 10-digit '9000000148'
2026-08-20T00:36:28.055859,source3_cbnexus_contacts.csv,13,VERIFIED_BOOLEAN,Raw verified 'N',Normalized to 'FALSE'
2026-08-20T00:36:28.055871,source3_cbnexus_contacts.csv,14,NAME_CASING,Raw name 'KARAN BHATIA' had non-standard casing/spacing,Normalized to 'Karan Bhatia'
2026-08-20T00:36:28.055879,source3_cbnexus_contacts.csv,14,CITY_NAME,Raw city 'NOIDA' mapped,Normalized to 'Noida'
2026-08-20T00:36:28.055883,source3_cbnexus_contacts.csv,14,VERIFIED_BOOLEAN,Raw verified 'yes',Normalized to 'TRUE'
2026-08-20T00:36:28.055897,source3_cbnexus_contacts.csv,15,PHONE_FORMAT,Raw phone '919000000106' contained prefix/delimiters,Normalized to 10-digit '9000000106'
2026-08-20T00:36:28.055902,source3_cbnexus_contacts.csv,15,CITY_NAME,Raw city 'new delhi' mapped,Normalized to 'Delhi NCR'
2026-08-20T00:36:28.055906,source3_cbnexus_contacts.csv,15,VERIFIED_BOOLEAN,Raw verified 'No',Normalized to 'FALSE'
2026-08-20T00:36:28.055911,source3_cbnexus_contacts.csv,16,DUPLICATE_HEADER,Duplicated CSV header embedded in data rows (Line 16),SKIPPED
2026-08-20T00:36:28.055923,source3_cbnexus_contacts.csv,17,PHONE_FORMAT,Raw phone '+91-9000000295' contained prefix/delimiters,Normalized to 10-digit '9000000295'
2026-08-20T00:36:28.055927,source3_cbnexus_contacts.csv,17,CITY_NAME,Raw city 'New Delhi' mapped,Normalized to 'Delhi NCR'
2026-08-20T00:36:28.055930,source3_cbnexus_contacts.csv,17,VERIFIED_BOOLEAN,Raw verified 'yes',Normalized to 'TRUE'
2026-08-20T00:36:28.055945,source3_cbnexus_contacts.csv,18,PHONE_FORMAT,Raw phone '919000000138' contained prefix/delimiters,Normalized to 10-digit '9000000138'
2026-08-20T00:36:28.055949,source3_cbnexus_contacts.csv,18,CITY_NAME,Raw city 'pune' mapped,Normalized to 'Pune'
2026-08-20T00:36:28.055955,source3_cbnexus_contacts.csv,18,VERIFIED_BOOLEAN,Raw verified 'No',Normalized to 'FALSE'
2026-08-20T00:36:28.055964,source3_cbnexus_contacts.csv,19,NAME_CASING,Raw name 'MEERA BHATIA' had non-standard casing/spacing,Normalized to 'Meera Bhatia'
2026-08-20T00:36:28.055969,source3_cbnexus_contacts.csv,19,PHONE_FORMAT,Raw phone '919000000223' contained prefix/delimiters,Normalized to 10-digit '9000000223'
2026-08-20T00:36:28.055984,source3_cbnexus_contacts.csv,19,CITY_NAME,Raw city 'Delhi' mapped,Normalized to 'Delhi NCR'
2026-08-20T00:36:28.055988,source3_cbnexus_contacts.csv,19,VERIFIED_BOOLEAN,Raw verified 'No',Normalized to 'FALSE'
2026-08-20T00:36:28.056002,source3_cbnexus_contacts.csv,20,CITY_NAME,Raw city 'Gurgaon' mapped,Normalized to 'Gurugram'
2026-08-20T00:36:28.056008,source3_cbnexus_contacts.csv,20,VERIFIED_BOOLEAN,Raw verified 'No',Normalized to 'FALSE'
2026-08-20T00:36:28.056020,source3_cbnexus_contacts.csv,21,CITY_NAME,Raw city 'Noida ' mapped,Normalized to 'Noida'
2026-08-20T00:36:28.056024,source3_cbnexus_contacts.csv,21,VERIFIED_BOOLEAN,Raw verified 'N',Normalized to 'FALSE'
2026-08-20T00:36:28.056036,source3_cbnexus_contacts.csv,22,VERIFIED_BOOLEAN,Raw verified 'No',Normalized to 'FALSE'
2026-08-20T00:36:28.056052,source3_cbnexus_contacts.csv,23,NAME_CASING,Raw name 'VARUN SAXENA' had non-standard casing/spacing,Normalized to 'Varun Saxena'
2026-08-20T00:36:28.056059,source3_cbnexus_contacts.csv,23,PHONE_FORMAT,Raw phone '919000000170' contained prefix/delimiters,Normalized to 10-digit '9000000170'
2026-08-20T00:36:28.056064,source3_cbnexus_contacts.csv,23,CITY_NAME,Raw city 'GURGAON' mapped,Normalized to 'Gurugram'
2026-08-20T00:36:28.056068,source3_cbnexus_contacts.csv,23,VERIFIED_BOOLEAN,Raw verified 'Y',Normalized to 'TRUE'
2026-08-20T00:36:28.056090,source3_cbnexus_contacts.csv,24,PHONE_FORMAT,Raw phone '+91-9000000162' contained prefix/delimiters,Normalized to 10-digit '9000000162'
2026-08-20T00:36:28.056095,source3_cbnexus_contacts.csv,24,CITY_NAME,Raw city 'pune' mapped,Normalized to 'Pune'
2026-08-20T00:36:28.056099,source3_cbnexus_contacts.csv,24,VERIFIED_BOOLEAN,Raw verified 'N',Normalized to 'FALSE'
2026-08-20T00:36:28.056107,source3_cbnexus_contacts.csv,25,NAME_CASING,Raw name 'DEEPAK NAIR' had non-standard casing/spacing,Normalized to 'Deepak Nair'
2026-08-20T00:36:28.056113,source3_cbnexus_contacts.csv,25,PHONE_FORMAT,Raw phone '919000000296' contained prefix/delimiters,Normalized to 10-digit '9000000296'
2026-08-20T00:36:28.056118,source3_cbnexus_contacts.csv,25,VERIFIED_BOOLEAN,Raw verified 'Yes',Normalized to 'TRUE'
2026-08-20T00:36:28.056129,source3_cbnexus_contacts.csv,26,VERIFIED_BOOLEAN,Raw verified 'N',Normalized to 'FALSE'
2026-08-20T00:36:28.056141,source3_cbnexus_contacts.csv,27,CITY_NAME,Raw city 'PUNE' mapped,Normalized to 'Pune'
2026-08-20T00:36:28.056148,source3_cbnexus_contacts.csv,27,VERIFIED_BOOLEAN,Raw verified 'No',Normalized to 'FALSE'
2026-08-20T00:36:28.056164,source3_cbnexus_contacts.csv,28,VERIFIED_BOOLEAN,Raw verified 'Yes',Normalized to 'TRUE'
2026-08-20T00:36:28.056173,source3_cbnexus_contacts.csv,29,NAME_CASING,Raw name 'MANISH BHATIA' had non-standard casing/spacing,Normalized to 'Manish Bhatia'
2026-08-20T00:36:28.056178,source3_cbnexus_contacts.csv,29,PHONE_FORMAT,Raw phone '919000000161' contained prefix/delimiters,Normalized to 10-digit '9000000161'
2026-08-20T00:36:28.056182,source3_cbnexus_contacts.csv,29,CITY_NAME,Raw city 'Noida ' mapped,Normalized to 'Noida'
2026-08-20T00:36:28.056186,source3_cbnexus_contacts.csv,29,VERIFIED_BOOLEAN,Raw verified 'Yes',Normalized to 'TRUE'
2026-08-20T00:36:28.056197,source3_cbnexus_contacts.csv,30,NAME_CASING,Raw name 'DIVYA CHOPRA' had non-standard casing/spacing,Normalized to 'Divya Chopra'
2026-08-20T00:36:28.056207,source3_cbnexus_contacts.csv,30,CITY_NAME,Raw city 'NOIDA' mapped,Normalized to 'Noida'
2026-08-20T00:36:28.056210,source3_cbnexus_contacts.csv,30,VERIFIED_BOOLEAN,Raw verified 'N',Normalized to 'FALSE'
2026-08-20T00:36:28.056221,source3_cbnexus_contacts.csv,31,PHONE_FORMAT,Raw phone '919000000245' contained prefix/delimiters,Normalized to 10-digit '9000000245'
2026-08-20T00:36:28.056227,source3_cbnexus_contacts.csv,31,CITY_NAME,Raw city 'pune' mapped,Normalized to 'Pune'
2026-08-20T00:36:28.056230,source3_cbnexus_contacts.csv,31,VERIFIED_BOOLEAN,Raw verified 'N',Normalized to 'FALSE'
2026-08-20T00:36:28.056241,source3_cbnexus_contacts.csv,32,PHONE_FORMAT,Raw phone '+91-9000000261' contained prefix/delimiters,Normalized to 10-digit '9000000261'
2026-08-20T00:36:28.056245,source3_cbnexus_contacts.csv,32,CITY_NAME,Raw city 'PUNE' mapped,Normalized to 'Pune'
2026-08-20T00:36:28.056251,source3_cbnexus_contacts.csv,32,VERIFIED_BOOLEAN,Raw verified 'Y',Normalized to 'TRUE'
